{"assets/app_icon/.DS_Store":["assets/app_icon/.DS_Store"],"assets/app_icon/app_icon.ico":["assets/app_icon/app_icon.ico"],"assets/app_icon/app_icon.png":["assets/app_icon/app_icon.png"],"assets/images/about_icon.png":["assets/images/about_icon.png"],"assets/images/addr_icon.png":["assets/images/addr_icon.png"],"assets/images/arrow_down_circle.png":["assets/images/arrow_down_circle.png","assets/images/2.0x/arrow_down_circle.png","assets/images/3.0x/arrow_down_circle.png"],"assets/images/arrow_right.png":["assets/images/arrow_right.png","assets/images/2.0x/arrow_right.png","assets/images/3.0x/arrow_right.png"],"assets/images/back.png":["assets/images/back.png"],"assets/images/bar_logo.png":["assets/images/bar_logo.png"],"assets/images/bg_login_to_pc.png":["assets/images/bg_login_to_pc.png"],"assets/images/bg_no_service.png":["assets/images/bg_no_service.png"],"assets/images/cb_c.png":["assets/images/cb_c.png"],"assets/images/cb_n.png":["assets/images/cb_n.png"],"assets/images/check_circle.png":["assets/images/check_circle.png","assets/images/2.0x/check_circle.png","assets/images/3.0x/check_circle.png"],"assets/images/circle_back.png":["assets/images/circle_back.png"],"assets/images/clean.png":["assets/images/clean.png"],"assets/images/close.png":["assets/images/close.png"],"assets/images/connected.png":["assets/images/connected.png"],"assets/images/device_android.png":["assets/images/device_android.png"],"assets/images/device_darwin.png":["assets/images/device_darwin.png"],"assets/images/device_icon.png":["assets/images/device_icon.png"],"assets/images/device_ios.png":["assets/images/device_ios.png"],"assets/images/device_linux.png":["assets/images/device_linux.png"],"assets/images/device_macos.png":["assets/images/device_macos.png"],"assets/images/device_windows.png":["assets/images/device_windows.png"],"assets/images/draw_theme.png":["assets/images/draw_theme.png"],"assets/images/face_id.png":["assets/images/face_id.png","assets/images/2.0x/face_id.png","assets/images/3.0x/face_id.png"],"assets/images/head.png":["assets/images/head.png"],"assets/images/hint_pwd.png":["assets/images/hint_pwd.png"],"assets/images/icon_add.png":["assets/images/icon_add.png"],"assets/images/icon_back.png":["assets/images/icon_back.png"],"assets/images/icon_bar_more.png":["assets/images/icon_bar_more.png"],"assets/images/icon_check_16.png":["assets/images/icon_check_16.png","assets/images/2.0x/icon_check_16.png","assets/images/3.0x/icon_check_16.png"],"assets/images/icon_check_face_right.png":["assets/images/icon_check_face_right.png"],"assets/images/icon_check_face_sad.png":["assets/images/icon_check_face_sad.png"],"assets/images/icon_check_right.png":["assets/images/icon_check_right.png"],"assets/images/icon_close.png":["assets/images/icon_close.png"],"assets/images/icon_copy.png":["assets/images/icon_copy.png"],"assets/images/icon_copy_16.png":["assets/images/icon_copy_16.png","assets/images/2.0x/icon_copy_16.png","assets/images/3.0x/icon_copy_16.png"],"assets/images/icon_down.png":["assets/images/icon_down.png"],"assets/images/icon_draw_console.png":["assets/images/icon_draw_console.png"],"assets/images/icon_draw_diagnosis.png":["assets/images/icon_draw_diagnosis.png"],"assets/images/icon_draw_faq.png":["assets/images/icon_draw_faq.png"],"assets/images/icon_draw_feedback.png":["assets/images/icon_draw_feedback.png"],"assets/images/icon_draw_universal.png":["assets/images/icon_draw_universal.png"],"assets/images/icon_guide_first.png":["assets/images/icon_guide_first.png"],"assets/images/icon_guide_second.png":["assets/images/icon_guide_second.png"],"assets/images/icon_guide_third.png":["assets/images/icon_guide_third.png"],"assets/images/icon_head_def.png":["assets/images/icon_head_def.png"],"assets/images/icon_head_divider.png":["assets/images/icon_head_divider.png"],"assets/images/icon_open.png":["assets/images/icon_open.png"],"assets/images/icon_pc_home.png":["assets/images/icon_pc_home.png"],"assets/images/icon_pc_service.png":["assets/images/icon_pc_service.png"],"assets/images/icon_pc_settings.png":["assets/images/icon_pc_settings.png"],"assets/images/icon_placeholder.png":["assets/images/icon_placeholder.png"],"assets/images/icon_refresh.png":["assets/images/icon_refresh.png"],"assets/images/icon_regenerate.png":["assets/images/icon_regenerate.png"],"assets/images/icon_remove.png":["assets/images/icon_remove.png"],"assets/images/icon_reveal.png":["assets/images/icon_reveal.png"],"assets/images/icon_right.png":["assets/images/icon_right.png"],"assets/images/icon_sad.png":["assets/images/icon_sad.png"],"assets/images/icon_scan.png":["assets/images/icon_scan.png"],"assets/images/icon_search.png":["assets/images/icon_search.png"],"assets/images/icon_select.png":["assets/images/icon_select.png"],"assets/images/icon_service_choose.png":["assets/images/icon_service_choose.png"],"assets/images/icon_service_no_choose.png":["assets/images/icon_service_no_choose.png"],"assets/images/icon_service_pin_dark_m.png":["assets/images/icon_service_pin_dark_m.png"],"assets/images/icon_service_pin_dark_pc.png":["assets/images/icon_service_pin_dark_pc.png"],"assets/images/icon_service_pin_white_m.png":["assets/images/icon_service_pin_white_m.png"],"assets/images/icon_service_pin_white_pc.png":["assets/images/icon_service_pin_white_pc.png"],"assets/images/icon_switch_off_black.png":["assets/images/icon_switch_off_black.png"],"assets/images/icon_switch_off_white.png":["assets/images/icon_switch_off_white.png"],"assets/images/icon_switch_on.png":["assets/images/icon_switch_on.png"],"assets/images/icon_tip_red.png":["assets/images/icon_tip_red.png"],"assets/images/icon_tip_white.png":["assets/images/icon_tip_white.png"],"assets/images/icon_updown.png":["assets/images/icon_updown.png"],"assets/images/icon_user_def.png":["assets/images/icon_user_def.png"],"assets/images/icon_vpn_connectting.png":["assets/images/icon_vpn_connectting.png"],"assets/images/icon_vpn_off_black.png":["assets/images/icon_vpn_off_black.png"],"assets/images/icon_vpn_off_white.png":["assets/images/icon_vpn_off_white.png"],"assets/images/icon_vpn_on.png":["assets/images/icon_vpn_on.png"],"assets/images/info_icon.png":["assets/images/info_icon.png"],"assets/images/ip_icon.png":["assets/images/ip_icon.png"],"assets/images/jump.png":["assets/images/jump.png"],"assets/images/ldap_icon.png":["assets/images/ldap_icon.png"],"assets/images/line_icon.png":["assets/images/line_icon.png"],"assets/images/logo_netseed_black.png":["assets/images/logo_netseed_black.png"],"assets/images/logo_netseed_white.png":["assets/images/logo_netseed_white.png"],"assets/images/logo_ns_theme.png":["assets/images/logo_ns_theme.png"],"assets/images/logo_radius.png":["assets/images/logo_radius.png"],"assets/images/net_icon.png":["assets/images/net_icon.png"],"assets/images/noclick_off.png":["assets/images/noclick_off.png"],"assets/images/noclick_on.png":["assets/images/noclick_on.png"],"assets/images/ns_logo_white.png":["assets/images/ns_logo_white.png"],"assets/images/plus_circle.png":["assets/images/plus_circle.png","assets/images/2.0x/plus_circle.png","assets/images/3.0x/plus_circle.png"],"assets/images/service_dns.png":["assets/images/service_dns.png"],"assets/images/service_ftp.png":["assets/images/service_ftp.png"],"assets/images/service_host.png":["assets/images/service_host.png"],"assets/images/service_http.png":["assets/images/service_http.png"],"assets/images/service_https.png":["assets/images/service_https.png"],"assets/images/service_rdp.png":["assets/images/service_rdp.png"],"assets/images/service_ssh.png":["assets/images/service_ssh.png"],"assets/images/service_tcp.png":["assets/images/service_tcp.png"],"assets/images/service_udp.png":["assets/images/service_udp.png"],"assets/images/service_vnc.png":["assets/images/service_vnc.png"],"assets/images/settings.png":["assets/images/settings.png","assets/images/2.0x/settings.png","assets/images/3.0x/settings.png"],"assets/images/share.png":["assets/images/share.png","assets/images/2.0x/share.png","assets/images/3.0x/share.png"],"assets/images/show_pwd.png":["assets/images/show_pwd.png"],"assets/images/update_down.png":["assets/images/update_down.png"],"assets/images/web_icon.png":["assets/images/web_icon.png"],"assets/images/wework_icon.png":["assets/images/wework_icon.png"],"packages/cosmos_ui_components/assets/images/arrow_right.png":["packages/cosmos_ui_components/assets/images/arrow_right.png","packages/cosmos_ui_components/assets/images/2.0x/arrow_right.png","packages/cosmos_ui_components/assets/images/3.0x/arrow_right.png"],"packages/cosmos_ui_components/assets/images/big-arrow-left.png":["packages/cosmos_ui_components/assets/images/big-arrow-left.png","packages/cosmos_ui_components/assets/images/2.0x/big-arrow-left.png","packages/cosmos_ui_components/assets/images/3.0x/big-arrow-left.png"],"packages/cosmos_ui_components/assets/images/check.png":["packages/cosmos_ui_components/assets/images/check.png","packages/cosmos_ui_components/assets/images/2.0x/check.png","packages/cosmos_ui_components/assets/images/3.0x/check.png"],"packages/cosmos_ui_components/assets/images/checkbox_checked.png":["packages/cosmos_ui_components/assets/images/checkbox_checked.png","packages/cosmos_ui_components/assets/images/2.0x/checkbox_checked.png","packages/cosmos_ui_components/assets/images/3.0x/checkbox_checked.png"],"packages/cosmos_ui_components/assets/images/checkbox_unchecked.png":["packages/cosmos_ui_components/assets/images/checkbox_unchecked.png","packages/cosmos_ui_components/assets/images/2.0x/checkbox_unchecked.png","packages/cosmos_ui_components/assets/images/3.0x/checkbox_unchecked.png"],"packages/cosmos_ui_components/assets/images/cross.png":["packages/cosmos_ui_components/assets/images/cross.png","packages/cosmos_ui_components/assets/images/2.0x/cross.png","packages/cosmos_ui_components/assets/images/3.0x/cross.png"],"packages/cosmos_ui_components/assets/images/icon_invalid.png":["packages/cosmos_ui_components/assets/images/icon_invalid.png","packages/cosmos_ui_components/assets/images/2.0x/icon_invalid.png","packages/cosmos_ui_components/assets/images/3.0x/icon_invalid.png"],"packages/cosmos_ui_components/assets/images/icon_warning.png":["packages/cosmos_ui_components/assets/images/icon_warning.png","packages/cosmos_ui_components/assets/images/2.0x/icon_warning.png","packages/cosmos_ui_components/assets/images/3.0x/icon_warning.png"],"packages/cosmos_ui_components/assets/images/more.png":["packages/cosmos_ui_components/assets/images/more.png","packages/cosmos_ui_components/assets/images/2.0x/more.png","packages/cosmos_ui_components/assets/images/3.0x/more.png"],"packages/cosmos_ui_components/assets/images/receive_icon.png":["packages/cosmos_ui_components/assets/images/receive_icon.png","packages/cosmos_ui_components/assets/images/2.0x/receive_icon.png","packages/cosmos_ui_components/assets/images/3.0x/receive_icon.png"],"packages/cosmos_ui_components/assets/images/toggle.png":["packages/cosmos_ui_components/assets/images/toggle.png","packages/cosmos_ui_components/assets/images/2.0x/toggle.png","packages/cosmos_ui_components/assets/images/3.0x/toggle.png"],"packages/cosmos_ui_components/fonts/Inter-Black.ttf":["packages/cosmos_ui_components/fonts/Inter-Black.ttf"],"packages/cosmos_ui_components/fonts/Inter-Bold.ttf":["packages/cosmos_ui_components/fonts/Inter-Bold.ttf"],"packages/cosmos_ui_components/fonts/Inter-ExtraBold.ttf":["packages/cosmos_ui_components/fonts/Inter-ExtraBold.ttf"],"packages/cosmos_ui_components/fonts/Inter-ExtraLight.ttf":["packages/cosmos_ui_components/fonts/Inter-ExtraLight.ttf"],"packages/cosmos_ui_components/fonts/Inter-Light.ttf":["packages/cosmos_ui_components/fonts/Inter-Light.ttf"],"packages/cosmos_ui_components/fonts/Inter-Medium.ttf":["packages/cosmos_ui_components/fonts/Inter-Medium.ttf"],"packages/cosmos_ui_components/fonts/Inter-Regular.ttf":["packages/cosmos_ui_components/fonts/Inter-Regular.ttf"],"packages/cosmos_ui_components/fonts/Inter-SemiBold.ttf":["packages/cosmos_ui_components/fonts/Inter-SemiBold.ttf"],"packages/cosmos_ui_components/fonts/Inter-Thin.ttf":["packages/cosmos_ui_components/fonts/Inter-Thin.ttf"],"packages/cosmos_ui_components/lib/fonts/Inter-Black.ttf":["packages/cosmos_ui_components/lib/fonts/Inter-Black.ttf"],"packages/cosmos_ui_components/lib/fonts/Inter-Bold.ttf":["packages/cosmos_ui_components/lib/fonts/Inter-Bold.ttf"],"packages/cosmos_ui_components/lib/fonts/Inter-ExtraBold.ttf":["packages/cosmos_ui_components/lib/fonts/Inter-ExtraBold.ttf"],"packages/cosmos_ui_components/lib/fonts/Inter-ExtraLight.ttf":["packages/cosmos_ui_components/lib/fonts/Inter-ExtraLight.ttf"],"packages/cosmos_ui_components/lib/fonts/Inter-Light.ttf":["packages/cosmos_ui_components/lib/fonts/Inter-Light.ttf"],"packages/cosmos_ui_components/lib/fonts/Inter-Medium.ttf":["packages/cosmos_ui_components/lib/fonts/Inter-Medium.ttf"],"packages/cosmos_ui_components/lib/fonts/Inter-Regular.ttf":["packages/cosmos_ui_components/lib/fonts/Inter-Regular.ttf"],"packages/cosmos_ui_components/lib/fonts/Inter-SemiBold.ttf":["packages/cosmos_ui_components/lib/fonts/Inter-SemiBold.ttf"],"packages/cosmos_ui_components/lib/fonts/Inter-Thin.ttf":["packages/cosmos_ui_components/lib/fonts/Inter-Thin.ttf"],"packages/cupertino_icons/assets/CupertinoIcons.ttf":["packages/cupertino_icons/assets/CupertinoIcons.ttf"],"packages/flutter_wireguard/assets/tslib.dll":["packages/flutter_wireguard/assets/tslib.dll"],"packages/window_manager/images/ic_chrome_close.png":["packages/window_manager/images/ic_chrome_close.png"],"packages/window_manager/images/ic_chrome_maximize.png":["packages/window_manager/images/ic_chrome_maximize.png"],"packages/window_manager/images/ic_chrome_minimize.png":["packages/window_manager/images/ic_chrome_minimize.png"],"packages/window_manager/images/ic_chrome_unmaximize.png":["packages/window_manager/images/ic_chrome_unmaximize.png"]}