[{"family":"MaterialIcons","fonts":[{"asset":"fonts/MaterialIcons-Regular.otf"}]},{"family":"Inter","fonts":[{"weight":100,"asset":"packages/cosmos_ui_components/fonts/Inter-Thin.ttf"},{"weight":200,"asset":"packages/cosmos_ui_components/fonts/Inter-ExtraLight.ttf"},{"weight":300,"asset":"packages/cosmos_ui_components/fonts/Inter-Light.ttf"},{"weight":400,"asset":"packages/cosmos_ui_components/fonts/Inter-Regular.ttf"},{"weight":500,"asset":"packages/cosmos_ui_components/fonts/Inter-Medium.ttf"},{"weight":600,"asset":"packages/cosmos_ui_components/fonts/Inter-SemiBold.ttf"},{"weight":700,"asset":"packages/cosmos_ui_components/fonts/Inter-Bold.ttf"},{"weight":800,"asset":"packages/cosmos_ui_components/fonts/Inter-ExtraBold.ttf"},{"weight":900,"asset":"packages/cosmos_ui_components/fonts/Inter-Black.ttf"}]},{"family":"packages/cosmos_ui_components/Inter","fonts":[{"weight":100,"asset":"packages/cosmos_ui_components/lib/fonts/Inter-Thin.ttf"},{"weight":200,"asset":"packages/cosmos_ui_components/lib/fonts/Inter-ExtraLight.ttf"},{"weight":300,"asset":"packages/cosmos_ui_components/lib/fonts/Inter-Light.ttf"},{"weight":400,"asset":"packages/cosmos_ui_components/lib/fonts/Inter-Regular.ttf"},{"weight":500,"asset":"packages/cosmos_ui_components/lib/fonts/Inter-Medium.ttf"},{"weight":600,"asset":"packages/cosmos_ui_components/lib/fonts/Inter-SemiBold.ttf"},{"weight":700,"asset":"packages/cosmos_ui_components/lib/fonts/Inter-Bold.ttf"},{"weight":800,"asset":"packages/cosmos_ui_components/lib/fonts/Inter-ExtraBold.ttf"},{"weight":900,"asset":"packages/cosmos_ui_components/lib/fonts/Inter-Black.ttf"}]},{"family":"packages/cupertino_icons/CupertinoIcons","fonts":[{"asset":"packages/cupertino_icons/assets/CupertinoIcons.ttf"}]}]